party_name,region,declaration_year,tax_year,valid_choices,is_suppressed
Articolo 1 - Movimento Democratico e Progressista,Piemonte,2022,2021,6253,0
Azione,Piemonte,2022,2021,4060,0
Cambiamo!,Piemonte,2022,2021,483,0
Centro Democratico,Piemonte,2022,2021,718,0
Democrazia Solidale - Demo.S,Piemonte,2022,2021,261,0
Europa Verde-Verdi,Piemonte,2022,2021,6371,0
Fratelli d'Italia - Alleanza Nazionale,Piemonte,2022,2021,17932,0
DEA - Identita' e Azione - popolo e liberta',Piemonte,2022,2021,134,0
Italexit per l'Italia,Piemonte,2022,2021,4658,0
Italia dei Valori,Piemonte,2022,2021,438,0
Italia Viva,Piemonte,2022,2021,4044,0
Lega Nord per l'Indipendenza della Padania,Piemonte,2022,2021,2516,0
Lega per Salvini Premier,Piemonte,2022,2021,9377,0
Movimento Associativo Italiani all'Estero - MAIE,Piemonte,2022,2021,527,0
Movimento La Puglia in Piu',Piemonte,2022,2021,631,0
Movimento politico Forza Italia,Piemonte,2022,2021,2492,0
Partito Autonomista Trentino Tirolese,Piemonte,2022,2021,158,0
Partito Democratico,Piemonte,2022,2021,40694,0
Partito Socialista Italiano,Piemonte,2022,2021,765,0
Piu' Europa,Piemonte,2022,2021,4842,0
Possibile,Piemonte,2022,2021,2206,0
Radicali Italiani,Piemonte,2022,2021,2138,0
Sinistra Italiana,Piemonte,2022,2021,7069,0
Stella Alpina,Piemonte,2022,2021,449,0
Sudtiroler Volkspartei,Piemonte,2022,2021,423,0
Union Valdotaine,Piemonte,2022,2021,787,0
UDC - Unione di centro,Piemonte,2022,2021,143,0
Unione per il Trentino,Piemonte,2022,2021,272,0
Unione Sudamericana Emigrati Italiani,Piemonte,2022,2021,1416,0
Articolo 1 - Movimento Democratico e Progressista,Valle d'Aosta,2022,2021,84,0
Azione,Valle d'Aosta,2022,2021,72,0
Cambiamo!,Valle d'Aosta,2022,2021,,1
Centro Democratico,Valle d'Aosta,2022,2021,11,0
Democrazia Solidale - Demo.S,Valle d'Aosta,2022,2021,,1
Europa Verde-Verdi,Valle d'Aosta,2022,2021,183,0
Fratelli d'Italia - Alleanza Nazionale,Valle d'Aosta,2022,2021,478,0
DEA - Identita' e Azione - popolo e liberta',Valle d'Aosta,2022,2021,,1
Italexit per l'Italia,Valle d'Aosta,2022,2021,145,0
Italia dei Valori,Valle d'Aosta,2022,2021,,1
Italia Viva,Valle d'Aosta,2022,2021,78,0
Lega Nord per l'Indipendenza della Padania,Valle d'Aosta,2022,2021,72,0
Lega per Salvini Premier,Valle d'Aosta,2022,2021,303,0
Movimento Associativo Italiani all'Estero - MAIE,Valle d'Aosta,2022,2021,10,0
Movimento La Puglia in Piu',Valle d'Aosta,2022,2021,,1
Movimento politico Forza Italia,Valle d'Aosta,2022,2021,80,0
Partito Autonomista Trentino Tirolese,Valle d'Aosta,2022,2021,,1
Partito Democratico,Valle d'Aosta,2022,2021,819,0
Partito Socialista Italiano,Valle d'Aosta,2022,2021,21,0
Piu' Europa,Valle d'Aosta,2022,2021,96,0
Possibile,Valle d'Aosta,2022,2021,37,0
Radicali Italiani,Valle d'Aosta,2022,2021,62,0
Sinistra Italiana,Valle d'Aosta,2022,2021,141,0
Stella Alpina,Valle d'Aosta,2022,2021,142,0
Sudtiroler Volkspartei,Valle d'Aosta,2022,2021,20,0
Union Valdotaine,Valle d'Aosta,2022,2021,1153,0
UDC - Unione di centro,Valle d'Aosta,2022,2021,,1
Unione per il Trentino,Valle d'Aosta,2022,2021,,1
Unione Sudamericana Emigrati Italiani,Valle d'Aosta,2022,2021,32,0
Articolo 1 - Movimento Democratico e Progressista,Lombardia,2022,2021,12536,0
Azione,Lombardia,2022,2021,13137,0
Cambiamo!,Lombardia,2022,2021,941,0
Centro Democratico,Lombardia,2022,2021,1657,0
Democrazia Solidale - Demo.S,Lombardia,2022,2021,301,0
Europa Verde-Verdi,Lombardia,2022,2021,18595,0
Fratelli d'Italia - Alleanza Nazionale,Lombardia,2022,2021,51348,0
DEA - Identita' e Azione - popolo e liberta',Lombardia,2022,2021,280,0
Italexit per l'Italia,Lombardia,2022,2021,9208,0
Italia dei Valori,Lombardia,2022,2021,968,0
Italia Viva,Lombardia,2022,2021,11512,0
Lega Nord per l'Indipendenza della Padania,Lombardia,2022,2021,13895,0
Lega per Salvini Premier,Lombardia,2022,2021,37649,0
Movimento Associativo Italiani all'Estero - MAIE,Lombardia,2022,2021,1180,0
Movimento La Puglia in Piu',Lombardia,2022,2021,1562,0
Movimento politico Forza Italia,Lombardia,2022,2021,9129,0
Partito Autonomista Trentino Tirolese,Lombardia,2022,2021,461,0
Partito Democratico,Lombardia,2022,2021,103969,0
Partito Socialista Italiano,Lombardia,2022,2021,2704,0
Piu' Europa,Lombardia,2022,2021,11759,0
Possibile,Lombardia,2022,2021,5584,0
Radicali Italiani,Lombardia,2022,2021,5799,0
Sinistra Italiana,Lombardia,2022,2021,14472,0
Stella Alpina,Lombardia,2022,2021,1137,0
Sudtiroler Volkspartei,Lombardia,2022,2021,1314,0
Union Valdotaine,Lombardia,2022,2021,985,0
UDC - Unione di centro,Lombardia,2022,2021,670,0
Unione per il Trentino,Lombardia,2022,2021,1121,0
Unione Sudamericana Emigrati Italiani,Lombardia,2022,2021,2628,0
Articolo 1 - Movimento Democratico e Progressista,Liguria,2022,2021,2156,0
Azione,Liguria,2022,2021,1101,0
Cambiamo!,Liguria,2022,2021,532,0
Centro Democratico,Liguria,2022,2021,199,0
Democrazia Solidale - Demo.S,Liguria,2022,2021,123,0
Europa Verde-Verdi,Liguria,2022,2021,2204,0
Fratelli d'Italia - Alleanza Nazionale,Liguria,2022,2021,5339,0
DEA - Identita' e Azione - popolo e liberta',Liguria,2022,2021,38,0
Italexit per l'Italia,Liguria,2022,2021,1406,0
Italia dei Valori,Liguria,2022,2021,98,0
Italia Viva,Liguria,2022,2021,1261,0
Lega Nord per l'Indipendenza della Padania,Liguria,2022,2021,536,0
Lega per Salvini Premier,Liguria,2022,2021,3059,0
Movimento Associativo Italiani all'Estero - MAIE,Liguria,2022,2021,155,0
Movimento La Puglia in Piu',Liguria,2022,2021,113,0
Movimento politico Forza Italia,Liguria,2022,2021,1025,0
Partito Autonomista Trentino Tirolese,Liguria,2022,2021,54,0
Partito Democratico,Liguria,2022,2021,14314,0
Partito Socialista Italiano,Liguria,2022,2021,332,0
Piu' Europa,Liguria,2022,2021,1037,0
Possibile,Liguria,2022,2021,640,0
Radicali Italiani,Liguria,2022,2021,578,0
Sinistra Italiana,Liguria,2022,2021,2439,0
Stella Alpina,Liguria,2022,2021,111,0
Sudtiroler Volkspartei,Liguria,2022,2021,174,0
Union Valdotaine,Liguria,2022,2021,175,0
UDC - Unione di centro,Liguria,2022,2021,38,0
Unione per il Trentino,Liguria,2022,2021,100,0
Unione Sudamericana Emigrati Italiani,Liguria,2022,2021,278,0
Articolo 1 - Movimento Democratico e Progressista,Trentino Alto Adige,2022,2021,615,0
Azione,Trentino Alto Adige,2022,2021,701,0
Cambiamo!,Trentino Alto Adige,2022,2021,54,0
Centro Democratico,Trentino Alto Adige,2022,2021,115,0
Democrazia Solidale - Demo.S,Trentino Alto Adige,2022,2021,17,0
Europa Verde-Verdi,Trentino Alto Adige,2022,2021,3060,0
Fratelli d'Italia - Alleanza Nazionale,Trentino Alto Adige,2022,2021,2921,0
DEA - Identita' e Azione - popolo e liberta',Trentino Alto Adige,2022,2021,33,0
Italexit per l'Italia,Trentino Alto Adige,2022,2021,966,0
Italia dei Valori,Trentino Alto Adige,2022,2021,54,0
Italia Viva,Trentino Alto Adige,2022,2021,555,0
Lega Nord per l'Indipendenza della Padania,Trentino Alto Adige,2022,2021,397,0
Lega per Salvini Premier,Trentino Alto Adige,2022,2021,1924,0
Movimento Associativo Italiani all'Estero - MAIE,Trentino Alto Adige,2022,2021,78,0
Movimento La Puglia in Piu',Trentino Alto Adige,2022,2021,60,0
Movimento politico Forza Italia,Trentino Alto Adige,2022,2021,338,0
Partito Autonomista Trentino Tirolese,Trentino Alto Adige,2022,2021,1236,0
Partito Democratico,Trentino Alto Adige,2022,2021,6449,0
Partito Socialista Italiano,Trentino Alto Adige,2022,2021,144,0
Piu' Europa,Trentino Alto Adige,2022,2021,846,0
Possibile,Trentino Alto Adige,2022,2021,339,0
Radicali Italiani,Trentino Alto Adige,2022,2021,360,0
Sinistra Italiana,Trentino Alto Adige,2022,2021,790,0
Stella Alpina,Trentino Alto Adige,2022,2021,145,0
Sudtiroler Volkspartei,Trentino Alto Adige,2022,2021,11799,0
Union Valdotaine,Trentino Alto Adige,2022,2021,30,0
UDC - Unione di centro,Trentino Alto Adige,2022,2021,31,0
Unione per il Trentino,Trentino Alto Adige,2022,2021,1176,0
Unione Sudamericana Emigrati Italiani,Trentino Alto Adige,2022,2021,198,0
Articolo 1 - Movimento Democratico e Progressista,Veneto,2022,2021,5366,0
Azione,Veneto,2022,2021,4715,0
Cambiamo!,Veneto,2022,2021,353,0
Centro Democratico,Veneto,2022,2021,696,0
Democrazia Solidale - Demo.S,Veneto,2022,2021,195,0
Europa Verde-Verdi,Veneto,2022,2021,9212,0
Fratelli d'Italia - Alleanza Nazionale,Veneto,2022,2021,26049,0
DEA - Identita' e Azione - popolo e liberta',Veneto,2022,2021,125,0
Italexit per l'Italia,Veneto,2022,2021,5858,0
Italia dei Valori,Veneto,2022,2021,366,0
Italia Viva,Veneto,2022,2021,3612,0
Lega Nord per l'Indipendenza della Padania,Veneto,2022,2021,15862,0
Lega per Salvini Premier,Veneto,2022,2021,15411,0
Movimento Associativo Italiani all'Estero - MAIE,Veneto,2022,2021,575,0
Movimento La Puglia in Piu',Veneto,2022,2021,439,0
Movimento politico Forza Italia,Veneto,2022,2021,2613,0
Partito Autonomista Trentino Tirolese,Veneto,2022,2021,222,0
Partito Democratico,Veneto,2022,2021,40155,0
Partito Socialista Italiano,Veneto,2022,2021,958,0
Piu' Europa,Veneto,2022,2021,4762,0
Possibile,Veneto,2022,2021,2130,0
Radicali Italiani,Veneto,2022,2021,2176,0
Sinistra Italiana,Veneto,2022,2021,5066,0
Stella Alpina,Veneto,2022,2021,504,0
Sudtiroler Volkspartei,Veneto,2022,2021,746,0
Union Valdotaine,Veneto,2022,2021,202,0
UDC - Unione di centro,Veneto,2022,2021,248,0
Unione per il Trentino,Veneto,2022,2021,549,0
Unione Sudamericana Emigrati Italiani,Veneto,2022,2021,1341,0
Articolo 1 - Movimento Democratico e Progressista,Friuli Venezia Giulia,2022,2021,1345,0
Azione,Friuli Venezia Giulia,2022,2021,1176,0
Cambiamo!,Friuli Venezia Giulia,2022,2021,96,0
Centro Democratico,Friuli Venezia Giulia,2022,2021,174,0
Democrazia Solidale - Demo.S,Friuli Venezia Giulia,2022,2021,29,0
Europa Verde-Verdi,Friuli Venezia Giulia,2022,2021,2081,0
Fratelli d'Italia - Alleanza Nazionale,Friuli Venezia Giulia,2022,2021,8945,0
DEA - Identita' e Azione - popolo e liberta',Friuli Venezia Giulia,2022,2021,37,0
Italexit per l'Italia,Friuli Venezia Giulia,2022,2021,2234,0
Italia dei Valori,Friuli Venezia Giulia,2022,2021,125,0
Italia Viva,Friuli Venezia Giulia,2022,2021,938,0
Lega Nord per l'Indipendenza della Padania,Friuli Venezia Giulia,2022,2021,983,0
Lega per Salvini Premier,Friuli Venezia Giulia,2022,2021,3685,0
Movimento Associativo Italiani all'Estero - MAIE,Friuli Venezia Giulia,2022,2021,207,0
Movimento La Puglia in Piu',Friuli Venezia Giulia,2022,2021,150,0
Movimento politico Forza Italia,Friuli Venezia Giulia,2022,2021,853,0
Partito Autonomista Trentino Tirolese,Friuli Venezia Giulia,2022,2021,88,0
Partito Democratico,Friuli Venezia Giulia,2022,2021,9771,0
Partito Socialista Italiano,Friuli Venezia Giulia,2022,2021,243,0
Piu' Europa,Friuli Venezia Giulia,2022,2021,1203,0
Possibile,Friuli Venezia Giulia,2022,2021,509,0
Radicali Italiani,Friuli Venezia Giulia,2022,2021,716,0
Sinistra Italiana,Friuli Venezia Giulia,2022,2021,1599,0
Stella Alpina,Friuli Venezia Giulia,2022,2021,165,0
Sudtiroler Volkspartei,Friuli Venezia Giulia,2022,2021,445,0
Union Valdotaine,Friuli Venezia Giulia,2022,2021,91,0
UDC - Unione di centro,Friuli Venezia Giulia,2022,2021,65,0
Unione per il Trentino,Friuli Venezia Giulia,2022,2021,105,0
Unione Sudamericana Emigrati Italiani,Friuli Venezia Giulia,2022,2021,322,0
Articolo 1 - Movimento Democratico e Progressista,Emilia Romagna,2022,2021,7910,0
Azione,Emilia Romagna,2022,2021,4205,0
Cambiamo!,Emilia Romagna,2022,2021,378,0
Centro Democratico,Emilia Romagna,2022,2021,696,0
Democrazia Solidale - Demo.S,Emilia Romagna,2022,2021,140,0
Europa Verde-Verdi,Emilia Romagna,2022,2021,7709,0
Fratelli d'Italia - Alleanza Nazionale,Emilia Romagna,2022,2021,15959,0
DEA - Identita' e Azione - popolo e liberta',Emilia Romagna,2022,2021,169,0
Italexit per l'Italia,Emilia Romagna,2022,2021,4132,0
Italia dei Valori,Emilia Romagna,2022,2021,283,0
Italia Viva,Emilia Romagna,2022,2021,4738,0
Lega Nord per l'Indipendenza della Padania,Emilia Romagna,2022,2021,1906,0
Lega per Salvini Premier,Emilia Romagna,2022,2021,8411,0
Movimento Associativo Italiani all'Estero - MAIE,Emilia Romagna,2022,2021,404,0
Movimento La Puglia in Piu',Emilia Romagna,2022,2021,509,0
Movimento politico Forza Italia,Emilia Romagna,2022,2021,2147,0
Partito Autonomista Trentino Tirolese,Emilia Romagna,2022,2021,164,0
Partito Democratico,Emilia Romagna,2022,2021,68300,0
Partito Socialista Italiano,Emilia Romagna,2022,2021,1145,0
Piu' Europa,Emilia Romagna,2022,2021,3977,0
Possibile,Emilia Romagna,2022,2021,2541,0
Radicali Italiani,Emilia Romagna,2022,2021,1742,0
Sinistra Italiana,Emilia Romagna,2022,2021,5528,0
Stella Alpina,Emilia Romagna,2022,2021,290,0
Sudtiroler Volkspartei,Emilia Romagna,2022,2021,470,0
Union Valdotaine,Emilia Romagna,2022,2021,194,0
UDC - Unione di centro,Emilia Romagna,2022,2021,156,0
Unione per il Trentino,Emilia Romagna,2022,2021,508,0
Unione Sudamericana Emigrati Italiani,Emilia Romagna,2022,2021,961,0
Articolo 1 - Movimento Democratico e Progressista,Toscana,2022,2021,4837,0
Azione,Toscana,2022,2021,2709,0
Cambiamo!,Toscana,2022,2021,248,0
Centro Democratico,Toscana,2022,2021,478,0
Democrazia Solidale - Demo.S,Toscana,2022,2021,73,0
Europa Verde-Verdi,Toscana,2022,2021,4891,0
Fratelli d'Italia - Alleanza Nazionale,Toscana,2022,2021,11901,0
DEA - Identita' e Azione - popolo e liberta',Toscana,2022,2021,68,0
Italexit per l'Italia,Toscana,2022,2021,2546,0
Italia dei Valori,Toscana,2022,2021,244,0
Italia Viva,Toscana,2022,2021,5807,0
Lega Nord per l'Indipendenza della Padania,Toscana,2022,2021,673,0
Lega per Salvini Premier,Toscana,2022,2021,4389,0
Movimento Associativo Italiani all'Estero - MAIE,Toscana,2022,2021,264,0
Movimento La Puglia in Piu',Toscana,2022,2021,228,0
Movimento politico Forza Italia,Toscana,2022,2021,1615,0
Partito Autonomista Trentino Tirolese,Toscana,2022,2021,99,0
Partito Democratico,Toscana,2022,2021,46358,0
Partito Socialista Italiano,Toscana,2022,2021,1099,0
Piu' Europa,Toscana,2022,2021,2386,0
Possibile,Toscana,2022,2021,1711,0
Radicali Italiani,Toscana,2022,2021,1554,0
Sinistra Italiana,Toscana,2022,2021,7817,0
Stella Alpina,Toscana,2022,2021,191,0
Sudtiroler Volkspartei,Toscana,2022,2021,311,0
Union Valdotaine,Toscana,2022,2021,131,0
UDC - Unione di centro,Toscana,2022,2021,132,0
Unione per il Trentino,Toscana,2022,2021,237,0
Unione Sudamericana Emigrati Italiani,Toscana,2022,2021,664,0
Articolo 1 - Movimento Democratico e Progressista,Umbria,2022,2021,926,0
Azione,Umbria,2022,2021,534,0
Cambiamo!,Umbria,2022,2021,54,0
Centro Democratico,Umbria,2022,2021,83,0
Democrazia Solidale - Demo.S,Umbria,2022,2021,35,0
Europa Verde-Verdi,Umbria,2022,2021,703,0
Fratelli d'Italia - Alleanza Nazionale,Umbria,2022,2021,2981,0
DEA - Identita' e Azione - popolo e liberta',Umbria,2022,2021,,1
Italexit per l'Italia,Umbria,2022,2021,492,0
Italia dei Valori,Umbria,2022,2021,66,0
Italia Viva,Umbria,2022,2021,773,0
Lega Nord per l'Indipendenza della Padania,Umbria,2022,2021,183,0
Lega per Salvini Premier,Umbria,2022,2021,1038,0
Movimento Associativo Italiani all'Estero - MAIE,Umbria,2022,2021,49,0
Movimento La Puglia in Piu',Umbria,2022,2021,45,0
Movimento politico Forza Italia,Umbria,2022,2021,384,0
Partito Autonomista Trentino Tirolese,Umbria,2022,2021,15,0
Partito Democratico,Umbria,2022,2021,6760,0
Partito Socialista Italiano,Umbria,2022,2021,267,0
Piu' Europa,Umbria,2022,2021,349,0
Possibile,Umbria,2022,2021,259,0
Radicali Italiani,Umbria,2022,2021,235,0
Sinistra Italiana,Umbria,2022,2021,1249,0
Stella Alpina,Umbria,2022,2021,52,0
Sudtiroler Volkspartei,Umbria,2022,2021,42,0
Union Valdotaine,Umbria,2022,2021,26,0
UDC - Unione di centro,Umbria,2022,2021,28,0
Unione per il Trentino,Umbria,2022,2021,37,0
Unione Sudamericana Emigrati Italiani,Umbria,2022,2021,124,0
Articolo 1 - Movimento Democratico e Progressista,Marche,2022,2021,1262,0
Azione,Marche,2022,2021,937,0
Cambiamo!,Marche,2022,2021,116,0
Centro Democratico,Marche,2022,2021,142,0
Democrazia Solidale - Demo.S,Marche,2022,2021,31,0
Europa Verde-Verdi,Marche,2022,2021,1301,0
Fratelli d'Italia - Alleanza Nazionale,Marche,2022,2021,4587,0
DEA - Identita' e Azione - popolo e liberta',Marche,2022,2021,33,0
Italexit per l'Italia,Marche,2022,2021,1112,0
Italia dei Valori,Marche,2022,2021,74,0
Italia Viva,Marche,2022,2021,1158,0
Lega Nord per l'Indipendenza della Padania,Marche,2022,2021,193,0
Lega per Salvini Premier,Marche,2022,2021,1666,0
Movimento Associativo Italiani all'Estero - MAIE,Marche,2022,2021,110,0
Movimento La Puglia in Piu',Marche,2022,2021,97,0
Movimento politico Forza Italia,Marche,2022,2021,593,0
Partito Autonomista Trentino Tirolese,Marche,2022,2021,39,0
Partito Democratico,Marche,2022,2021,9285,0
Partito Socialista Italiano,Marche,2022,2021,349,0
Piu' Europa,Marche,2022,2021,628,0
Possibile,Marche,2022,2021,593,0
Radicali Italiani,Marche,2022,2021,357,0
Sinistra Italiana,Marche,2022,2021,1403,0
Stella Alpina,Marche,2022,2021,58,0
Sudtiroler Volkspartei,Marche,2022,2021,80,0
Union Valdotaine,Marche,2022,2021,121,0
UDC - Unione di centro,Marche,2022,2021,120,0
Unione per il Trentino,Marche,2022,2021,62,0
Unione Sudamericana Emigrati Italiani,Marche,2022,2021,206,0
Articolo 1 - Movimento Democratico e Progressista,Lazio,2022,2021,8502,0
Azione,Lazio,2022,2021,9263,0
Cambiamo!,Lazio,2022,2021,614,0
Centro Democratico,Lazio,2022,2021,856,0
Democrazia Solidale - Demo.S,Lazio,2022,2021,906,0
Europa Verde-Verdi,Lazio,2022,2021,7656,0
Fratelli d'Italia - Alleanza Nazionale,Lazio,2022,2021,34549,0
DEA - Identita' e Azione - popolo e liberta',Lazio,2022,2021,275,0
Italexit per l'Italia,Lazio,2022,2021,4431,0
Italia dei Valori,Lazio,2022,2021,576,0
Italia Viva,Lazio,2022,2021,5970,0
Lega Nord per l'Indipendenza della Padania,Lazio,2022,2021,325,0
Lega per Salvini Premier,Lazio,2022,2021,5726,0
Movimento Associativo Italiani all'Estero - MAIE,Lazio,2022,2021,689,0
Movimento La Puglia in Piu',Lazio,2022,2021,631,0
Movimento politico Forza Italia,Lazio,2022,2021,2831,0
Partito Autonomista Trentino Tirolese,Lazio,2022,2021,153,0
Partito Democratico,Lazio,2022,2021,50632,0
Partito Socialista Italiano,Lazio,2022,2021,1370,0
Piu' Europa,Lazio,2022,2021,4544,0
Possibile,Lazio,2022,2021,2611,0
Radicali Italiani,Lazio,2022,2021,3733,0
Sinistra Italiana,Lazio,2022,2021,10124,0
Stella Alpina,Lazio,2022,2021,408,0
Sudtiroler Volkspartei,Lazio,2022,2021,545,0
Union Valdotaine,Lazio,2022,2021,348,0
UDC - Unione di centro,Lazio,2022,2021,279,0
Unione per il Trentino,Lazio,2022,2021,546,0
Unione Sudamericana Emigrati Italiani,Lazio,2022,2021,1278,0
Articolo 1 - Movimento Democratico e Progressista,Abruzzo,2022,2021,966,0
Azione,Abruzzo,2022,2021,852,0
Cambiamo!,Abruzzo,2022,2021,32,0
Centro Democratico,Abruzzo,2022,2021,87,0
Democrazia Solidale - Demo.S,Abruzzo,2022,2021,24,0
Europa Verde-Verdi,Abruzzo,2022,2021,915,0
Fratelli d'Italia - Alleanza Nazionale,Abruzzo,2022,2021,3487,0
DEA - Identita' e Azione - popolo e liberta',Abruzzo,2022,2021,30,0
Italexit per l'Italia,Abruzzo,2022,2021,536,0
Italia dei Valori,Abruzzo,2022,2021,64,0
Italia Viva,Abruzzo,2022,2021,679,0
Lega Nord per l'Indipendenza della Padania,Abruzzo,2022,2021,53,0
Lega per Salvini Premier,Abruzzo,2022,2021,922,0
Movimento Associativo Italiani all'Estero - MAIE,Abruzzo,2022,2021,59,0
Movimento La Puglia in Piu',Abruzzo,2022,2021,49,0
Movimento politico Forza Italia,Abruzzo,2022,2021,475,0
Partito Autonomista Trentino Tirolese,Abruzzo,2022,2021,19,0
Partito Democratico,Abruzzo,2022,2021,4277,0
Partito Socialista Italiano,Abruzzo,2022,2021,229,0
Piu' Europa,Abruzzo,2022,2021,429,0
Possibile,Abruzzo,2022,2021,219,0
Radicali Italiani,Abruzzo,2022,2021,435,0
Sinistra Italiana,Abruzzo,2022,2021,818,0
Stella Alpina,Abruzzo,2022,2021,26,0
Sudtiroler Volkspartei,Abruzzo,2022,2021,34,0
Union Valdotaine,Abruzzo,2022,2021,34,0
UDC - Unione di centro,Abruzzo,2022,2021,37,0
Unione per il Trentino,Abruzzo,2022,2021,25,0
Unione Sudamericana Emigrati Italiani,Abruzzo,2022,2021,127,0
Articolo 1 - Movimento Democratico e Progressista,Molise,2022,2021,159,0
Azione,Molise,2022,2021,83,0
Cambiamo!,Molise,2022,2021,,1
Centro Democratico,Molise,2022,2021,95,0
Democrazia Solidale - Demo.S,Molise,2022,2021,,1
Europa Verde-Verdi,Molise,2022,2021,136,0
Fratelli d'Italia - Alleanza Nazionale,Molise,2022,2021,523,0
DEA - Identita' e Azione - popolo e liberta',Molise,2022,2021,0,0
Italexit per l'Italia,Molise,2022,2021,88,0
Italia dei Valori,Molise,2022,2021,,1
Italia Viva,Molise,2022,2021,161,0
Lega Nord per l'Indipendenza della Padania,Molise,2022,2021,,1
Lega per Salvini Premier,Molise,2022,2021,130,0
Movimento Associativo Italiani all'Estero - MAIE,Molise,2022,2021,17,0
Movimento La Puglia in Piu',Molise,2022,2021,,1
Movimento politico Forza Italia,Molise,2022,2021,117,0
Partito Autonomista Trentino Tirolese,Molise,2022,2021,,1
Partito Democratico,Molise,2022,2021,1110,0
Partito Socialista Italiano,Molise,2022,2021,58,0
Piu' Europa,Molise,2022,2021,67,0
Possibile,Molise,2022,2021,61,0
Radicali Italiani,Molise,2022,2021,42,0
Sinistra Italiana,Molise,2022,2021,171,0
Stella Alpina,Molise,2022,2021,,1
Sudtiroler Volkspartei,Molise,2022,2021,,1
Union Valdotaine,Molise,2022,2021,,1
UDC - Unione di centro,Molise,2022,2021,20,0
Unione per il Trentino,Molise,2022,2021,,1
Unione Sudamericana Emigrati Italiani,Molise,2022,2021,28,0
Articolo 1 - Movimento Democratico e Progressista,Campania,2022,2021,3904,0
Azione,Campania,2022,2021,1909,0
Cambiamo!,Campania,2022,2021,350,0
Centro Democratico,Campania,2022,2021,1398,0
Democrazia Solidale - Demo.S,Campania,2022,2021,129,0
Europa Verde-Verdi,Campania,2022,2021,4318,0
Fratelli d'Italia - Alleanza Nazionale,Campania,2022,2021,14669,0
DEA - Identita' e Azione - popolo e liberta',Campania,2022,2021,103,0
Italexit per l'Italia,Campania,2022,2021,1498,0
Italia dei Valori,Campania,2022,2021,414,0
Italia Viva,Campania,2022,2021,3389,0
Lega Nord per l'Indipendenza della Padania,Campania,2022,2021,95,0
Lega per Salvini Premier,Campania,2022,2021,1496,0
Movimento Associativo Italiani all'Estero - MAIE,Campania,2022,2021,401,0
Movimento La Puglia in Piu',Campania,2022,2021,174,0
Movimento politico Forza Italia,Campania,2022,2021,2922,0
Partito Autonomista Trentino Tirolese,Campania,2022,2021,46,0
Partito Democratico,Campania,2022,2021,23784,0
Partito Socialista Italiano,Campania,2022,2021,4175,0
Piu' Europa,Campania,2022,2021,1274,0
Possibile,Campania,2022,2021,810,0
Radicali Italiani,Campania,2022,2021,869,0
Sinistra Italiana,Campania,2022,2021,4021,0
Stella Alpina,Campania,2022,2021,90,0
Sudtiroler Volkspartei,Campania,2022,2021,123,0
Union Valdotaine,Campania,2022,2021,107,0
UDC - Unione di centro,Campania,2022,2021,135,0
Unione per il Trentino,Campania,2022,2021,74,0
Unione Sudamericana Emigrati Italiani,Campania,2022,2021,767,0
Articolo 1 - Movimento Democratico e Progressista,Puglia,2022,2021,2695,0
Azione,Puglia,2022,2021,1141,0
Cambiamo!,Puglia,2022,2021,207,0
Centro Democratico,Puglia,2022,2021,378,0
Democrazia Solidale - Demo.S,Puglia,2022,2021,434,0
Europa Verde-Verdi,Puglia,2022,2021,2008,0
Fratelli d'Italia - Alleanza Nazionale,Puglia,2022,2021,9055,0
DEA - Identita' e Azione - popolo e liberta',Puglia,2022,2021,64,0
Italexit per l'Italia,Puglia,2022,2021,943,0
Italia dei Valori,Puglia,2022,2021,221,0
Italia Viva,Puglia,2022,2021,1933,0
Lega Nord per l'Indipendenza della Padania,Puglia,2022,2021,62,0
Lega per Salvini Premier,Puglia,2022,2021,1103,0
Movimento Associativo Italiani all'Estero - MAIE,Puglia,2022,2021,114,0
Movimento La Puglia in Piu',Puglia,2022,2021,2942,0
Movimento politico Forza Italia,Puglia,2022,2021,2024,0
Partito Autonomista Trentino Tirolese,Puglia,2022,2021,32,0
Partito Democratico,Puglia,2022,2021,13930,0
Partito Socialista Italiano,Puglia,2022,2021,857,0
Piu' Europa,Puglia,2022,2021,1086,0
Possibile,Puglia,2022,2021,486,0
Radicali Italiani,Puglia,2022,2021,548,0
Sinistra Italiana,Puglia,2022,2021,2982,0
Stella Alpina,Puglia,2022,2021,42,0
Sudtiroler Volkspartei,Puglia,2022,2021,60,0
Union Valdotaine,Puglia,2022,2021,36,0
UDC - Unione di centro,Puglia,2022,2021,92,0
Unione per il Trentino,Puglia,2022,2021,24,0
Unione Sudamericana Emigrati Italiani,Puglia,2022,2021,257,0
Articolo 1 - Movimento Democratico e Progressista,Basilicata,2022,2021,1012,0
Azione,Basilicata,2022,2021,200,0
Cambiamo!,Basilicata,2022,2021,23,0
Centro Democratico,Basilicata,2022,2021,64,0
Democrazia Solidale - Demo.S,Basilicata,2022,2021,18,0
Europa Verde-Verdi,Basilicata,2022,2021,262,0
Fratelli d'Italia - Alleanza Nazionale,Basilicata,2022,2021,935,0
DEA - Identita' e Azione - popolo e liberta',Basilicata,2022,2021,32,0
Italexit per l'Italia,Basilicata,2022,2021,156,0
Italia dei Valori,Basilicata,2022,2021,42,0
Italia Viva,Basilicata,2022,2021,409,0
Lega Nord per l'Indipendenza della Padania,Basilicata,2022,2021,,1
Lega per Salvini Premier,Basilicata,2022,2021,156,0
Movimento Associativo Italiani all'Estero - MAIE,Basilicata,2022,2021,34,0
Movimento La Puglia in Piu',Basilicata,2022,2021,32,0
Movimento politico Forza Italia,Basilicata,2022,2021,151,0
Partito Autonomista Trentino Tirolese,Basilicata,2022,2021,,1
Partito Democratico,Basilicata,2022,2021,2703,0
Partito Socialista Italiano,Basilicata,2022,2021,227,0
Piu' Europa,Basilicata,2022,2021,146,0
Possibile,Basilicata,2022,2021,102,0
Radicali Italiani,Basilicata,2022,2021,175,0
Sinistra Italiana,Basilicata,2022,2021,396,0
Stella Alpina,Basilicata,2022,2021,,1
Sudtiroler Volkspartei,Basilicata,2022,2021,,1
Union Valdotaine,Basilicata,2022,2021,,1
UDC - Unione di centro,Basilicata,2022,2021,,1
Unione per il Trentino,Basilicata,2022,2021,,1
Unione Sudamericana Emigrati Italiani,Basilicata,2022,2021,42,0
Articolo 1 - Movimento Democratico e Progressista,Calabria,2022,2021,1205,0
Azione,Calabria,2022,2021,387,0
Cambiamo!,Calabria,2022,2021,558,0
Centro Democratico,Calabria,2022,2021,365,0
Democrazia Solidale - Demo.S,Calabria,2022,2021,54,0
Europa Verde-Verdi,Calabria,2022,2021,698,0
Fratelli d'Italia - Alleanza Nazionale,Calabria,2022,2021,4712,0
DEA - Identita' e Azione - popolo e liberta',Calabria,2022,2021,38,0
Italexit per l'Italia,Calabria,2022,2021,536,0
Italia dei Valori,Calabria,2022,2021,121,0
Italia Viva,Calabria,2022,2021,1332,0
Lega Nord per l'Indipendenza della Padania,Calabria,2022,2021,84,0
Lega per Salvini Premier,Calabria,2022,2021,755,0
Movimento Associativo Italiani all'Estero - MAIE,Calabria,2022,2021,116,0
Movimento La Puglia in Piu',Calabria,2022,2021,127,0
Movimento politico Forza Italia,Calabria,2022,2021,1269,0
Partito Autonomista Trentino Tirolese,Calabria,2022,2021,72,0
Partito Democratico,Calabria,2022,2021,5774,0
Partito Socialista Italiano,Calabria,2022,2021,895,0
Piu' Europa,Calabria,2022,2021,333,0
Possibile,Calabria,2022,2021,315,0
Radicali Italiani,Calabria,2022,2021,248,0
Sinistra Italiana,Calabria,2022,2021,969,0
Stella Alpina,Calabria,2022,2021,22,0
Sudtiroler Volkspartei,Calabria,2022,2021,26,0
Union Valdotaine,Calabria,2022,2021,34,0
UDC - Unione di centro,Calabria,2022,2021,68,0
Unione per il Trentino,Calabria,2022,2021,17,0
Unione Sudamericana Emigrati Italiani,Calabria,2022,2021,301,0
Articolo 1 - Movimento Democratico e Progressista,Sicilia,2022,2021,2627,0
Azione,Sicilia,2022,2021,1197,0
Cambiamo!,Sicilia,2022,2021,274,0
Centro Democratico,Sicilia,2022,2021,665,0
Democrazia Solidale - Demo.S,Sicilia,2022,2021,95,0
Europa Verde-Verdi,Sicilia,2022,2021,2169,0
Fratelli d'Italia - Alleanza Nazionale,Sicilia,2022,2021,11520,0
DEA - Identita' e Azione - popolo e liberta',Sicilia,2022,2021,71,0
Italexit per l'Italia,Sicilia,2022,2021,1454,0
Italia dei Valori,Sicilia,2022,2021,407,0
Italia Viva,Sicilia,2022,2021,3261,0
Lega Nord per l'Indipendenza della Padania,Sicilia,2022,2021,94,0
Lega per Salvini Premier,Sicilia,2022,2021,1444,0
Movimento Associativo Italiani all'Estero - MAIE,Sicilia,2022,2021,251,0
Movimento La Puglia in Piu',Sicilia,2022,2021,115,0
Movimento politico Forza Italia,Sicilia,2022,2021,2043,0
Partito Autonomista Trentino Tirolese,Sicilia,2022,2021,53,0
Partito Democratico,Sicilia,2022,2021,16272,0
Partito Socialista Italiano,Sicilia,2022,2021,884,0
Piu' Europa,Sicilia,2022,2021,1116,0
Possibile,Sicilia,2022,2021,519,0
Radicali Italiani,Sicilia,2022,2021,737,0
Sinistra Italiana,Sicilia,2022,2021,2586,0
Stella Alpina,Sicilia,2022,2021,57,0
Sudtiroler Volkspartei,Sicilia,2022,2021,70,0
Union Valdotaine,Sicilia,2022,2021,47,0
UDC - Unione di centro,Sicilia,2022,2021,192,0
Unione per il Trentino,Sicilia,2022,2021,57,0
Unione Sudamericana Emigrati Italiani,Sicilia,2022,2021,512,0
Articolo 1 - Movimento Democratico e Progressista,Sardegna,2022,2021,2551,0
Azione,Sardegna,2022,2021,788,0
Cambiamo!,Sardegna,2022,2021,387,0
Centro Democratico,Sardegna,2022,2021,278,0
Democrazia Solidale - Demo.S,Sardegna,2022,2021,85,0
Europa Verde-Verdi,Sardegna,2022,2021,1406,0
Fratelli d'Italia - Alleanza Nazionale,Sardegna,2022,2021,5984,0
DEA - Identita' e Azione - popolo e liberta',Sardegna,2022,2021,49,0
Italexit per l'Italia,Sardegna,2022,2021,1246,0
Italia dei Valori,Sardegna,2022,2021,118,0
Italia Viva,Sardegna,2022,2021,1083,0
Lega Nord per l'Indipendenza della Padania,Sardegna,2022,2021,72,0
Lega per Salvini Premier,Sardegna,2022,2021,1023,0
Movimento Associativo Italiani all'Estero - MAIE,Sardegna,2022,2021,261,0
Movimento La Puglia in Piu',Sardegna,2022,2021,59,0
Movimento politico Forza Italia,Sardegna,2022,2021,619,0
Partito Autonomista Trentino Tirolese,Sardegna,2022,2021,37,0
Partito Democratico,Sardegna,2022,2021,10452,0
Partito Socialista Italiano,Sardegna,2022,2021,496,0
Piu' Europa,Sardegna,2022,2021,782,0
Possibile,Sardegna,2022,2021,899,0
Radicali Italiani,Sardegna,2022,2021,744,0
Sinistra Italiana,Sardegna,2022,2021,2171,0
Stella Alpina,Sardegna,2022,2021,66,0
Sudtiroler Volkspartei,Sardegna,2022,2021,122,0
Union Valdotaine,Sardegna,2022,2021,77,0
UDC - Unione di centro,Sardegna,2022,2021,115,0
Unione per il Trentino,Sardegna,2022,2021,44,0
Unione Sudamericana Emigrati Italiani,Sardegna,2022,2021,488,0
Articolo 1 - Movimento Democratico e Progressista,Non indicata,2022,2021,0,0
Azione,Non indicata,2022,2021,0,0
Cambiamo!,Non indicata,2022,2021,0,0
Centro Democratico,Non indicata,2022,2021,0,0
Democrazia Solidale - Demo.S,Non indicata,2022,2021,0,0
Europa Verde-Verdi,Non indicata,2022,2021,0,0
Fratelli d'Italia - Alleanza Nazionale,Non indicata,2022,2021,0,0
DEA - Identita' e Azione - popolo e liberta',Non indicata,2022,2021,0,0
Italexit per l'Italia,Non indicata,2022,2021,0,0
Italia dei Valori,Non indicata,2022,2021,0,0
Italia Viva,Non indicata,2022,2021,0,0
Lega Nord per l'Indipendenza della Padania,Non indicata,2022,2021,0,0
Lega per Salvini Premier,Non indicata,2022,2021,0,0
Movimento Associativo Italiani all'Estero - MAIE,Non indicata,2022,2021,0,0
Movimento La Puglia in Piu',Non indicata,2022,2021,0,0
Movimento politico Forza Italia,Non indicata,2022,2021,0,0
Partito Autonomista Trentino Tirolese,Non indicata,2022,2021,0,0
Partito Democratico,Non indicata,2022,2021,0,0
Partito Socialista Italiano,Non indicata,2022,2021,0,0
Piu' Europa,Non indicata,2022,2021,0,0
Possibile,Non indicata,2022,2021,0,0
Radicali Italiani,Non indicata,2022,2021,0,0
Sinistra Italiana,Non indicata,2022,2021,0,0
Stella Alpina,Non indicata,2022,2021,0,0
Sudtiroler Volkspartei,Non indicata,2022,2021,0,0
Union Valdotaine,Non indicata,2022,2021,0,0
UDC - Unione di centro,Non indicata,2022,2021,0,0
Unione per il Trentino,Non indicata,2022,2021,0,0
Unione Sudamericana Emigrati Italiani,Non indicata,2022,2021,0,0
